{
    "mejor_modelo": "random_forest",
    "resultados": {
        "ridge": {
            "MAE": 230593.38888616228,
            "R2": 0.7105331886928361
        },
        "random_forest": {
            "MAE": 165067.16616039237,
            "R2": 0.8178167465352146
        }
    }
}